{
	"weapon.b2.double.cannon.shoot": {
        "category": "player",
        "sounds": [
            "weapons/b2_double_cannon/shoot_1",
            "weapons/b2_double_cannon/shoot_2",
            "weapons/b2_double_cannon/shoot_3"
        ]
    },
    "weapon.dc15a.shoot": {
        "category": "player",
        "sounds": [
            "weapons/dc15a/shoot_1",
            "weapons/dc15a/shoot_2",
            "weapons/dc15a/shoot_3",
            "weapons/dc15a/shoot_4"
        ]
    },
    "weapon.dc15c.shoot": {
        "category": "player",
        "sounds": [
            "weapons/dc15c/shoot_1",
            "weapons/dc15c/shoot_2",
            "weapons/dc15c/shoot_3",
            "weapons/dc15c/shoot_4"
        ]
    },
	"weapon.dc17a.shoot": {
        "category": "player",
        "sounds": [
            "weapons/dc17a/shoot_1",
            "weapons/dc17a/shoot_2",
            "weapons/dc17a/shoot_3",
            "weapons/dc17a/shoot_4"
        ]
    },
	"weapon.e5.shoot": {
        "category": "player",
        "sounds": [
            "weapons/e5/shoot_1",
            "weapons/e5/shoot_2",
            "weapons/e5/shoot_3",
            "weapons/e5/shoot_4"
        ]
    },
	"weapon.e11d.shoot": {
        "category": "player",
        "sounds": [
            "weapons/e11d/shoot_1",
            "weapons/e11d/shoot_2",
            "weapons/e11d/shoot_3",
            "weapons/e11d/shoot_4"
        ]
    },
	"weapon.se44c.shoot": {
        "category": "player",
        "sounds": [
            "weapons/se44c/shoot_1",
            "weapons/se44c/shoot_2",
            "weapons/se44c/shoot_3",
            "weapons/se44c/shoot_4"
        ]
    },
	"weapon.valken38x.shoot": {
        "category": "player",
        "sounds": [
            "weapons/valken_38x/shoot_1",
            "weapons/valken_38x/shoot_2",
            "weapons/valken_38x/shoot_3",
            "weapons/valken_38x/shoot_4"
        ]
    },
	
	
	"weapon.saber.enable.anakin": {
        "category": "player",
        "sounds": [
            "weapons/saber/anakin/enable"
        ]
    },
	"weapon.saber.disable.anakin": {
        "category": "player",
        "sounds": [
            "weapons/saber/anakin/disable"
        ]
    },
	"weapon.saber.loop.anakin": {
        "category": "player",
        "sounds": [
            "weapons/saber/anakin/loop"
        ]
    }
}
