{
	"suit.armor.step": {
		"category": "player",
		"sounds": [
			"suit/armor/step/step_1",
			"suit/armor/step/step_2",
			"suit/armor/step/step_3",
			"suit/armor/step/step_4"
		]
	},
	"suit.armor.land": {
		"category": "player",
		"sounds": [
			"suit/armor/land/land_1",
			"suit/armor/land/land_2",
			"suit/armor/land/land_3"
		]
	},
	
	"force.push.jedi": {
		"category": "player",
		"sounds": [
			"force/push/jedi/force_push_1",
			"force/push/jedi/force_push_2",
			"force/push/jedi/force_push_3"
		]
	},
    "force.push.charge": {
		"category": "player",
		"sounds": [
			"force/push/force_push_charge_1",
			"force/push/force_push_charge_2"
		]
	},
	"force.pull.jedi": {
		"category": "player",
		"sounds": [
			"force/pull/jedi/force_pull_1",
			"force/pull/jedi/force_pull_2"
		]
	},
	"force.lift.jedi": {
		"category": "player",
		"sounds": [
			"force/lift/jedi/force_lift"
		]
	},
	"force.lightning.sith.start": {
		"category": "player",
		"sounds": [
			"force/lightning/sith/force_lightning_start_1",
			"force/lightning/sith/force_lightning_start_2"
		]
	},
	"force.lightning.loop": {
		"category": "player",
		"sounds": [
			"force/lightning/force_lightning_loop"
		]
	},
	"force.loop": {
		"category": "player",
		"sounds": [
			"force/force_loop"
		]
	},
  
  
	"weapon.impact": {
        "category": "player",
        "sounds": [
            "weapons/impact/impact_1",
            "weapons/impact/impact_2",
            "weapons/impact/impact_3"
        ]
    },
  
	"weapon.b2.double.cannon.shoot": {
        "category": "player",
        "sounds": [
            "weapons/b2_double_cannon/shoot_1",
            "weapons/b2_double_cannon/shoot_2",
            "weapons/b2_double_cannon/shoot_3"
        ]
    },
    "weapon.dc15a.shoot": {
        "category": "player",
        "sounds": [
            "weapons/dc15a/shoot_1",
            "weapons/dc15a/shoot_2",
            "weapons/dc15a/shoot_3",
            "weapons/dc15a/shoot_4"
        ]
    },
    "weapon.dc15c.shoot": {
        "category": "player",
        "sounds": [
            "weapons/dc15c/shoot_1",
            "weapons/dc15c/shoot_2",
            "weapons/dc15c/shoot_3",
            "weapons/dc15c/shoot_4"
        ]
    },
	"weapon.dc17a.shoot": {
        "category": "player",
        "sounds": [
            "weapons/dc17a/shoot_1",
            "weapons/dc17a/shoot_2",
            "weapons/dc17a/shoot_3",
            "weapons/dc17a/shoot_4"
        ]
    },
	"weapon.e5.shoot": {
        "category": "player",
        "sounds": [
            "weapons/e5/shoot_1",
            "weapons/e5/shoot_2",
            "weapons/e5/shoot_3",
            "weapons/e5/shoot_4"
        ]
    },
	"weapon.e11d.shoot": {
        "category": "player",
        "sounds": [
            "weapons/e11d/shoot_1",
            "weapons/e11d/shoot_2",
            "weapons/e11d/shoot_3",
            "weapons/e11d/shoot_4"
        ]
    },
	"weapon.se44c.shoot": {
        "category": "player",
        "sounds": [
            "weapons/se44c/shoot_1",
            "weapons/se44c/shoot_2",
            "weapons/se44c/shoot_3",
            "weapons/se44c/shoot_4"
        ]
    },
	"weapon.valken38x.shoot": {
        "category": "player",
        "sounds": [
            "weapons/valken_38x/shoot_1",
            "weapons/valken_38x/shoot_2",
            "weapons/valken_38x/shoot_3",
            "weapons/valken_38x/shoot_4"
        ]
    },
	
	"weapon.saber.swing": {
        "category": "player",
        "sounds": [
            "weapons/saber/swing_1",
            "weapons/saber/swing_2",
            "weapons/saber/swing_3",
            "weapons/saber/swing_4"
        ]
    },
	"weapon.saber.swing.kylo": {
        "category": "player",
        "sounds": [
            "weapons/saber/kylo/swing_1",
            "weapons/saber/kylo/swing_2",
            "weapons/saber/kylo/swing_3",
            "weapons/saber/kylo/swing_4"
        ]
    },
	"weapon.saber.swing.hit": {
        "category": "player",
        "sounds": [
            "weapons/saber/swing_hit_1",
            "weapons/saber/swing_hit_2",
            "weapons/saber/swing_hit_3",
            "weapons/saber/swing_hit_4",
            "weapons/saber/swing_hit_5"
        ]
    },
	"weapon.saber.hit": {
        "category": "player",
        "sounds": [
            "weapons/saber/hit_1",
            "weapons/saber/hit_2",
            "weapons/saber/hit_3",
            "weapons/saber/hit_4",
            "weapons/saber/hit_5",
            "weapons/saber/hit_6",
            "weapons/saber/hit_7",
            "weapons/saber/hit_8",
            "weapons/saber/hit_9",
            "weapons/saber/hit_10",
            "weapons/saber/hit_11",
            "weapons/saber/hit_12",
            "weapons/saber/hit_13",
            "weapons/saber/hit_14"
        ]
    },
	"weapon.saber.hit.kylo": {
        "category": "player",
        "sounds": [
            "weapons/saber/kylo/hit_1",
            "weapons/saber/kylo/hit_2",
            "weapons/saber/kylo/hit_3"
        ]
    },
	"weapon.saber.enable.anakin": {
        "category": "player",
        "sounds": [
            "weapons/saber/anakin/enable"
        ]
    },
	"weapon.saber.enable.kylo": {
        "category": "player",
        "sounds": [
            "weapons/saber/kylo/enable"
        ]
    },
	"weapon.saber.disable.anakin": {
        "category": "player",
        "sounds": [
            "weapons/saber/anakin/disable"
        ]
    },
	"weapon.saber.disable.kylo": {
        "category": "player",
        "sounds": [
            "weapons/saber/kylo/disable"
        ]
    },
	"weapon.saber.loop.anakin": {
        "category": "player",
        "sounds": [
            "weapons/saber/anakin/loop"
        ]
    },
	"weapon.saber.loop.kylo": {
        "category": "player",
        "sounds": [
            "weapons/saber/kylo/loop"
        ]
    }
}
