{
	"suit.jetpack.enable": {
		"category": "player",
		"sounds": [
			"suit/jetpack/enable_0",
			"suit/jetpack/enable_1",
			"suit/jetpack/enable_2"
		]
	},
	"suit.jetpack.disable": {
		"category": "player",
		"sounds": [
			"suit/jetpack/disable"
		]
	},
	"suit.jetpack.loop": {
		"category": "player",
		"sounds": [
			"suit/jetpack/loop"
		]
	},
	"suit.armor.step": {
		"category": "player",
		"sounds": [
			"suit/armor/step/step_1",
			"suit/armor/step/step_2",
			"suit/armor/step/step_3",
			"suit/armor/step/step_4"
		]
	},
	"suit.armor.land": {
		"category": "player",
		"sounds": [
			"suit/armor/land/land_1",
			"suit/armor/land/land_2",
			"suit/armor/land/land_3"
		]
	},
	"suit.cloth.step": {
		"category": "player",
		"sounds": [
			"suit/cloth/step/step_1",
			"suit/cloth/step/step_2",
			"suit/cloth/step/step_3",
			"suit/cloth/step/step_4",
			"suit/cloth/step/step_5"
		]
	},
	"suit.cloth.land": {
		"category": "player",
		"sounds": [
			"suit/cloth/land/land_1",
			"suit/cloth/land/land_2"
		]
	},
	"suit.cloth2.step": {
		"category": "player",
		"sounds": [
			"suit/cloth_2/step/step_1",
			"suit/cloth_2/step/step_2",
			"suit/cloth_2/step/step_3",
			"suit/cloth_2/step/step_4",
			"suit/cloth_2/step/step_5"
		]
	},
	"suit.b1.step": {
		"category": "player",
		"sounds": [
			"suit/b1/step_0",
			"suit/b1/step_1",
			"suit/b1/step_2"
		]
	},
	"suit.b1.step.buzz": {
		"category": "player",
		"sounds": [
			"suit/b1/step_buzz_0",
			"suit/b1/step_buzz_1"
		]
	},
	"suit.b1.step.mech": {
		"category": "player",
		"sounds": [
			"suit/b1/step_mech_0",
			"suit/b1/step_mech_1",
			"suit/b1/step_mech_2",
			"suit/b1/step_mech_3"
		]
	},
	"suit.fabric.step": {
		"category": "player",
		"sounds": [
			"suit/fabric/step/step_1",
			"suit/fabric/step/step_2",
			"suit/fabric/step/step_3",
			"suit/fabric/step/step_4",
			"suit/fabric/step/step_5"
		]
	},
	"suit.fabric.land": {
		"category": "player",
		"sounds": [
			"suit/fabric/land/step_1",
			"suit/fabric/land/step_2"
		]
	},
	"force.push.jedi": {
		"category": "player",
		"sounds": [
			"force/push/jedi/force_push_1",
			"force/push/jedi/force_push_2",
			"force/push/jedi/force_push_3"
		]
	},
    "force.push.charge": {
		"category": "player",
		"sounds": [
			"force/push/force_push_charge_1",
			"force/push/force_push_charge_2"
		]
	},
	"force.pull.jedi": {
		"category": "player",
		"sounds": [
			"force/pull/jedi/force_pull_1",
			"force/pull/jedi/force_pull_2"
		]
	},
	"force.lift.jedi": {
		"category": "player",
		"sounds": [
			"force/lift/jedi/force_lift"
		]
	},
	"force.lightning.sith.start": {
		"category": "player",
		"sounds": [
			"force/lightning/sith/force_lightning_start_1",
			"force/lightning/sith/force_lightning_start_2"
		]
	},
	"force.lightning.loop": {
		"category": "player",
		"sounds": [
			"force/lightning/force_lightning_loop"
		]
	},
	"force.loop": {
		"category": "player",
		"sounds": [
			"force/force_loop"
		]
	},
  
	"weapon.aim.start": {
        "category": "player",
        "sounds": [
            "weapons/aim_start_0",
            "weapons/aim_start_1"
        ]
    },
	"weapon.aim.stop": {
        "category": "player",
        "sounds": [
            "weapons/aim_stop"
        ]
    },
	"weapon.hit": {
        "category": "player",
        "sounds": [
            "weapons/hit_marker"
        ]
    },
	"weapon.impact": {
        "category": "player",
        "sounds": [
            "weapons/impacts/impact_blaster_0",
            "weapons/impacts/impact_blaster_1",
            "weapons/impacts/impact_blaster_2",
            "weapons/impacts/impact_blaster_3"
        ]
    },
	"weapon.b2.double.cannon.shoot": {
        "category": "player",
        "sounds": [
            "weapons/b2_double_cannon/shoot_1",
            "weapons/b2_double_cannon/shoot_2",
            "weapons/b2_double_cannon/shoot_3"
        ]
    },
    "weapon.dc15a.shoot": {
        "category": "player",
        "sounds": [
            "weapons/dc15a/shoot_1",
            "weapons/dc15a/shoot_2",
            "weapons/dc15a/shoot_3",
            "weapons/dc15a/shoot_4"
        ]
    },
    "weapon.dc15c.shoot": {
        "category": "player",
        "sounds": [
            "weapons/dc15c/shoot_1",
            "weapons/dc15c/shoot_2",
            "weapons/dc15c/shoot_3",
            "weapons/dc15c/shoot_4"
        ]
    },
	"weapon.dc17a.shoot": {
        "category": "player",
        "sounds": [
            "weapons/dc17a/shoot_1",
            "weapons/dc17a/shoot_2",
            "weapons/dc17a/shoot_3",
            "weapons/dc17a/shoot_4"
        ]
    },
	"weapon.dc17m.shoot": {
        "category": "player",
        "sounds": [
            "weapons/dc17m/shoot_1",
            "weapons/dc17m/shoot_2",
            "weapons/dc17m/shoot_3"
        ]
    },
	"weapon.ee4.shoot": {
        "category": "player",
        "sounds": [
            "weapons/ee4/shoot_1",
            "weapons/ee4/shoot_2",
            "weapons/ee4/shoot_3"
        ]
    },
	"weapon.e5.shoot": {
        "category": "player",
        "sounds": [
            "weapons/e5/shoot_1",
            "weapons/e5/shoot_2",
            "weapons/e5/shoot_3",
            "weapons/e5/shoot_4"
        ]
    },
	"weapon.e11d.shoot": {
        "category": "player",
        "sounds": [
            "weapons/e11d/shoot_1",
            "weapons/e11d/shoot_2",
            "weapons/e11d/shoot_3",
            "weapons/e11d/shoot_4"
        ]
    },
	"weapon.rps6.shoot": {
        "category": "player",
        "sounds": [
            "weapons/rps6/shoot_0",
            "weapons/rps6/shoot_1",
            "weapons/rps6/shoot_2"
        ]
    },
	"weapon.rps6.scope.start": {
        "category": "player",
        "sounds": [
            "weapons/rps6/scope_start"
        ]
    },
	"weapon.rps6.scope.stop": {
        "category": "player",
        "sounds": [
            "weapons/rps6/scope_stop"
        ]
    },
	"weapon.se44c.shoot": {
        "category": "player",
        "sounds": [
            "weapons/se44c/shoot_1",
            "weapons/se44c/shoot_2",
            "weapons/se44c/shoot_3",
            "weapons/se44c/shoot_4"
        ]
    },
	"weapon.valken38x.shoot": {
        "category": "player",
        "sounds": [
            "weapons/valken_38x/shoot_1",
            "weapons/valken_38x/shoot_2",
            "weapons/valken_38x/shoot_3",
            "weapons/valken_38x/shoot_4"
        ]
    },
	
	"weapon.saber.swing": {
        "category": "player",
        "sounds": [
            "weapons/saber/swing_1",
            "weapons/saber/swing_2",
            "weapons/saber/swing_3",
            "weapons/saber/swing_4"
        ]
    },
	"weapon.saber.swing.kylo": {
        "category": "player",
        "sounds": [
            "weapons/saber/kylo/swing_1",
            "weapons/saber/kylo/swing_2",
            "weapons/saber/kylo/swing_3",
            "weapons/saber/kylo/swing_4"
        ]
    },
	"weapon.saber.swing.hit": {
        "category": "player",
        "sounds": [
            "weapons/saber/swing_hit_1",
            "weapons/saber/swing_hit_2",
            "weapons/saber/swing_hit_3",
            "weapons/saber/swing_hit_4",
            "weapons/saber/swing_hit_5"
        ]
    },
	"weapon.saber.hit": {
        "category": "player",
        "sounds": [
            "weapons/saber/hit_1",
            "weapons/saber/hit_2",
            "weapons/saber/hit_3",
            "weapons/saber/hit_4",
            "weapons/saber/hit_5",
            "weapons/saber/hit_6",
            "weapons/saber/hit_7",
            "weapons/saber/hit_8",
            "weapons/saber/hit_9",
            "weapons/saber/hit_10",
            "weapons/saber/hit_11",
            "weapons/saber/hit_12",
            "weapons/saber/hit_13",
            "weapons/saber/hit_14"
        ]
    },
	"weapon.saber.hit.kylo": {
        "category": "player",
        "sounds": [
            "weapons/saber/kylo/hit_1",
            "weapons/saber/kylo/hit_2",
            "weapons/saber/kylo/hit_3"
        ]
    },
	"weapon.saber.enable.anakin": {
        "category": "player",
        "sounds": [
            "weapons/saber/blue/classic/enable_1",
            "weapons/saber/blue/classic/enable_2"
        ]
    },
	"weapon.saber.enable.blue": {
        "category": "player",
        "sounds": [
            "weapons/saber/blue/enable_1",
            "weapons/saber/blue/enable_2",
            "weapons/saber/blue/enable_3"
        ]
    },
	"weapon.saber.enable.green": {
        "category": "player",
        "sounds": [
            "weapons/saber/green/enable_1",
            "weapons/saber/green/enable_2",
            "weapons/saber/green/enable_3"
        ]
    },
	"weapon.saber.enable.red": {
        "category": "player",
        "sounds": [
            "weapons/saber/red/enable_1",
            "weapons/saber/red/enable_2"
        ]
    },
	"weapon.saber.enable.kylo": {
        "category": "player",
        "sounds": [
            "weapons/saber/kylo/enable"
        ]
    },
	"weapon.saber.disable.blue": {
        "category": "player",
        "sounds": [
            "weapons/saber/blue/disable_1",
            "weapons/saber/blue/disable_2"
        ]
    },
	"weapon.saber.disable.green": {
        "category": "player",
        "sounds": [
            "weapons/saber/green/disable_1",
            "weapons/saber/green/disable_2"
        ]
    },
	"weapon.saber.disable.red": {
        "category": "player",
        "sounds": [
            "weapons/saber/red/disable_1",
            "weapons/saber/red/disable_2"
        ]
    },
	"weapon.saber.disable.kylo": {
        "category": "player",
        "sounds": [
            "weapons/saber/kylo/disable"
        ]
    },
	"weapon.saber.loop.anakin": {
        "category": "player",
        "sounds": [
            "weapons/saber/blue/classic/loop"
        ]
    },
	"weapon.saber.loop.blue": {
        "category": "player",
        "sounds": [
            "weapons/saber/blue/loop"
        ]
    },
	"weapon.saber.loop.green": {
        "category": "player",
        "sounds": [
            "weapons/saber/green/loop"
        ]
    },
	"weapon.saber.loop.red": {
        "category": "player",
        "sounds": [
            "weapons/saber/red/loop"
        ]
    },
	"weapon.saber.loop.kylo": {
        "category": "player",
        "sounds": [
            "weapons/saber/kylo/loop"
        ]
    },
	"weapon.saber.loop.yellow": {
        "category": "player",
        "sounds": [
            "weapons/saber/yellow/loop"
        ]
    }
}
